#guideId	forwardPrimer	leftPrimerTm	revPrimer	revPrimerTm	ampliconSequence	guideSequence
5rev	AGAAGGTGCAACCGATCGC	60.742	CACGTACCCAGGCTCAGATG	60.179	AGAAGGTGCAACCGATCGCACTGTCGCGCAGAAGCTCCTCAATGGCCAGCGCCAGCTGCAGCCCCGGCCGCCCACTCGCCTCATCTGAGCCTGGGTACGTG	GCCGGGGCTGCAGCTGGCGC
11rev	AGAAGGTGCAACCGATCGC	60.742	CACGTACCCAGGCTCAGATG	60.179	AGAAGGTGCAACCGATCGCACTGTCGCGCAGAAGCTCCTCAATGGCCAGCGCCAGCTGCAGCCCCGGCCGCCCACTCGCCTCATCTGAGCCTGGGTACGTG	TGGGCGGCCGGGGCTGCAGC
21rev	AGAAGGTGCAACCGATCGC	60.742	GCACGTACCCAGGCTCAG	60.126	AGAAGGTGCAACCGATCGCACTGTCGCGCAGAAGCTCCTCAATGGCCAGCGCCAGCTGCAGCCCCGGCCGCCCACTCGCCTCATCTGAGCCTGGGTACGTGC	ATGAGGCGAGTGGGCGGCCG
22rev	AGAAGGTGCAACCGATCGC	60.742	TTGTGGAGCGCACGTACC	60.357	AGAAGGTGCAACCGATCGCACTGTCGCGCAGAAGCTCCTCAATGGCCAGCGCCAGCTGCAGCCCCGGCCGCCCACTCGCCTCATCTGAGCCTGGGTACGTGCGCTCCACAA	GATGAGGCGAGTGGGCGGCC
23rev	AGAAGGTGCAACCGATCGC	60.742	TTGTGGAGCGCACGTACC	60.357	AGAAGGTGCAACCGATCGCACTGTCGCGCAGAAGCTCCTCAATGGCCAGCGCCAGCTGCAGCCCCGGCCGCCCACTCGCCTCATCTGAGCCTGGGTACGTGCGCTCCACAA	AGATGAGGCGAGTGGGCGGC
24forw	AGAAGGTGCAACCGATCGC	60.742	CACGTACCCAGGCTCAGATG	60.179	AGAAGGTGCAACCGATCGCACTGTCGCGCAGAAGCTCCTCAATGGCCAGCGCCAGCTGCAGCCCCGGCCGCCCACTCGCCTCATCTGAGCCTGGGTACGTG	GCCAGCGCCAGCTGCAGCCC
27rev	AGAAGGTGCAACCGATCGC	60.742	TTGTGGAGCGCACGTACC	60.357	AGAAGGTGCAACCGATCGCACTGTCGCGCAGAAGCTCCTCAATGGCCAGCGCCAGCTGCAGCCCCGGCCGCCCACTCGCCTCATCTGAGCCTGGGTACGTGCGCTCCACAA	GCTCAGATGAGGCGAGTGGG
30rev	AGAAGGTGCAACCGATCGC	60.742	TTGTGGAGCGCACGTACC	60.357	AGAAGGTGCAACCGATCGCACTGTCGCGCAGAAGCTCCTCAATGGCCAGCGCCAGCTGCAGCCCCGGCCGCCCACTCGCCTCATCTGAGCCTGGGTACGTGCGCTCCACAA	CAGGCTCAGATGAGGCGAGT
31rev	AGAAGGTGCAACCGATCGC	60.742	CGTTGTGGAGCGCACGTA	60.732	AGAAGGTGCAACCGATCGCACTGTCGCGCAGAAGCTCCTCAATGGCCAGCGCCAGCTGCAGCCCCGGCCGCCCACTCGCCTCATCTGAGCCTGGGTACGTGCGCTCCACAACG	CCAGGCTCAGATGAGGCGAG
51forw	AGAAGGTGCAACCGATCGC	60.742	CGTTGTGGAGCGCACGTA	60.732	AGAAGGTGCAACCGATCGCACTGTCGCGCAGAAGCTCCTCAATGGCCAGCGCCAGCTGCAGCCCCGGCCGCCCACTCGCCTCATCTGAGCCTGGGTACGTGCGCTCCACAACG	CCACTCGCCTCATCTGAGCC
