#guideId	ampliconSequence	guideSequence
5rev	AGAAGGTGCAACCGATCGCACTGTCGCGCAGAAGCTCCTCAATGGCCAGCGCCAGCTGCAGCCCCGGCCGCCCACTCGCCTCATCTGAGCCTGGGTACGTG	GCCGGGGCTGCAGCTGGCGC
11rev	AGAAGGTGCAACCGATCGCACTGTCGCGCAGAAGCTCCTCAATGGCCAGCGCCAGCTGCAGCCCCGGCCGCCCACTCGCCTCATCTGAGCCTGGGTACGTG	TGGGCGGCCGGGGCTGCAGC
21rev	AGAAGGTGCAACCGATCGCACTGTCGCGCAGAAGCTCCTCAATGGCCAGCGCCAGCTGCAGCCCCGGCCGCCCACTCGCCTCATCTGAGCCTGGGTACGTGC	ATGAGGCGAGTGGGCGGCCG
22rev	AGAAGGTGCAACCGATCGCACTGTCGCGCAGAAGCTCCTCAATGGCCAGCGCCAGCTGCAGCCCCGGCCGCCCACTCGCCTCATCTGAGCCTGGGTACGTGCGCTCCACAA	GATGAGGCGAGTGGGCGGCC
23rev	AGAAGGTGCAACCGATCGCACTGTCGCGCAGAAGCTCCTCAATGGCCAGCGCCAGCTGCAGCCCCGGCCGCCCACTCGCCTCATCTGAGCCTGGGTACGTGCGCTCCACAA	AGATGAGGCGAGTGGGCGGC
24forw	AGAAGGTGCAACCGATCGCACTGTCGCGCAGAAGCTCCTCAATGGCCAGCGCCAGCTGCAGCCCCGGCCGCCCACTCGCCTCATCTGAGCCTGGGTACGTG	GCCAGCGCCAGCTGCAGCCC
27rev	AGAAGGTGCAACCGATCGCACTGTCGCGCAGAAGCTCCTCAATGGCCAGCGCCAGCTGCAGCCCCGGCCGCCCACTCGCCTCATCTGAGCCTGGGTACGTGCGCTCCACAA	GCTCAGATGAGGCGAGTGGG
30rev	AGAAGGTGCAACCGATCGCACTGTCGCGCAGAAGCTCCTCAATGGCCAGCGCCAGCTGCAGCCCCGGCCGCCCACTCGCCTCATCTGAGCCTGGGTACGTGCGCTCCACAA	CAGGCTCAGATGAGGCGAGT
31rev	AGAAGGTGCAACCGATCGCACTGTCGCGCAGAAGCTCCTCAATGGCCAGCGCCAGCTGCAGCCCCGGCCGCCCACTCGCCTCATCTGAGCCTGGGTACGTGCGCTCCACAACG	CCAGGCTCAGATGAGGCGAG
51forw	AGAAGGTGCAACCGATCGCACTGTCGCGCAGAAGCTCCTCAATGGCCAGCGCCAGCTGCAGCCCCGGCCGCCCACTCGCCTCATCTGAGCCTGGGTACGTGCGCTCCACAACG	CCACTCGCCTCATCTGAGCC
